{"services":[{"service_id":"Temperature","service_type":"Temperature","properties":[{"property_name":"temperature","data_type":"decimal","required":false,"enum_list":null,"min":"36","max":"42","max_length":0,"step":0,"unit":"℃","method":"R","description":"体温","default_value":null,"methodDisplayed":"可读","isDisplayed":true},{"property_name":"roomTemperature","data_type":"decimal","required":false,"enum_list":null,"min":"-10","max":"40","max_length":0,"step":0,"unit":"℃","method":"R","description":"室温","default_value":null,"methodDisplayed":"可读","isDisplayed":true}],"commands":[{"command_name":"获取数据","paras":[{"para_name":"Switch","data_type":"string","required":false,"enum_list":["ON","OFF"],"min":null,"max":null,"max_length":16,"step":0,"unit":null,"description":"获取温度数据"}],"responses":[{"response_name":"cmdResponses","paras":[{"para_name":"体温","data_type":"decimal","required":false,"enum_list":null,"min":"35","max":"43","max_length":0,"step":0,"unit":"℃","description":null},{"para_name":"获取室温","data_type":"decimal","required":false,"enum_list":null,"min":"-10","max":"42","max_length":0,"step":0,"unit":"℃","description":"获取室温"}]}]}],"events":null,"description":"温度检测","option":"Optional"}]}