{"services":[{"service_id":"basicsService","service_type":"basicsService","properties":[{"property_name":"BloodPressure","data_type":"decimal","required":false,"enum_list":null,"min":"60","max":"200","max_length":0,"step":0,"unit":"mmHG","method":"R","description":"血压检测","default_value":null},{"property_name":"HeartRate","data_type":"decimal","required":false,"enum_list":null,"min":"50","max":"200","max_length":0,"step":0,"unit":"BPM","method":"R","description":"心率","default_value":null},{"property_name":"oxyhemoglobinSaturation","data_type":"decimal","required":false,"enum_list":null,"min":"0.9","max":"1.1","max_length":0,"step":0.1,"unit":"","method":"R","description":"血氧饱和度","default_value":null}],"commands":[{"command_name":"basicServiceControl","paras":[{"para_name":"switch","data_type":"string","required":false,"enum_list":["ON","OFF"],"min":null,"max":null,"max_length":15,"step":0,"unit":null,"description":"基础医疗检测服务开关"}],"responses":null}],"events":null,"description":"基础检测服务","option":"Optional"}]}